{
    "CompileStatus": "Successful",
    "cycles_program_begin": 606542840215573,
    "stat": {
        "ru_self_cgstart": {
            "ru_utime_sec": 0.16688500000000001,
            "ru_nvcsw": 27,
            "ru_majflt": 0,
            "ru_maxrss_kb": 75984,
            "ru_stime_sec": 0.046245000000000001,
            "ru_minflt": 26250,
            "ru_nivcsw": 14
        },
        "cpu_cycles_end": 606543801540937,
        "ru_childs_cgstart": {
            "ru_utime_sec": 0.018842999999999999,
            "ru_nvcsw": 25,
            "ru_majflt": 0,
            "ru_maxrss_kb": 23552,
            "ru_stime_sec": 0.029347999999999999,
            "ru_minflt": 10120,
            "ru_nivcsw": 21
        },
        "outputSizePerQuad": 32.389601054270997,
        "peak_mem_kb": 289584,
        "totalObjSize": 270356,
        "cpu_cycles_cgstart": 606543439129398,
        "nMops": 20488,
        "mop/quad": 2.4545345633161615,
        "nQuads": 8347,
        "CodeGen(%)": 36.358558774650064,
        "ru_childs_end": {
            "ru_utime_sec": 0.019862999999999999,
            "ru_nvcsw": 26,
            "ru_majflt": 0,
            "ru_maxrss_kb": 23948,
            "ru_stime_sec": 0.031387999999999999,
            "ru_minflt": 10715,
            "ru_nivcsw": 23
        },
        "mopSpeed": 193088.1091728161,
        "Frontend(%)": 63.641441225349944,
        "ru_self_end": {
            "ru_utime_sec": 0.27197199999999999,
            "ru_nvcsw": 28,
            "ru_majflt": 0,
            "ru_maxrss_kb": 85704,
            "ru_stime_sec": 0.063339999999999994,
            "ru_minflt": 30029,
            "ru_nivcsw": 15
        },
        "cpu_cycles_total": 961325364,
        "quadSpeed": 78665.875012958611,
        "realTime": 0.35120010375976562
    },
    "CompileStrategy": "fullobj",
    "perf": [
        {
            "sub": [
                {
                    "sub": [],
                    "stat": [
                        "doParsingAndDesignResolution",
                        "entry",
                        0.037286043167114258,
                        0.045263999999999999,
                        0.027885,
                        272344,
                        273144,
                        0.0,
                        0.0,
                        1680531815.617326,
                        606542893490272
                    ]
                },
                {
                    "sub": [],
                    "stat": [
                        "doParsingAndDesignResolution",
                        "exit",
                        0.067802906036376953,
                        0.071064000000000002,
                        0.032571000000000003,
                        273648,
                        274296,
                        0.0,
                        0.0,
                        1680531815.6478429,
                        606542981835016
                    ]
                },
                {
                    "sub": [
                        {
                            "sub": [],
                            "stat": [
                                "doUptoVir2VcsNoSepCleanup",
                                "entry",
                                0.083550930023193359,
                                0.083849000000000007,
                                0.035512000000000002,
                                274808,
                                274812,
                                0.0,
                                0.0,
                                1680531815.6635909,
                                606543027350470
                            ]
                        },
                        {
                            "sub": [],
                            "stat": [
                                "doUptoVir2VcsNoSepCleanup",
                                "exit",
                                0.18767213821411133,
                                0.157356,
                                0.044098999999999999,
                                277228,
                                289584,
                                0.0074879999999999999,
                                0.013891000000000001,
                                1680531815.7677121,
                                606543328640542
                            ]
                        },
                        {
                            "sub": [],
                            "stat": [
                                "doRadify_vir2vcsAll",
                                "entry",
                                0.1877589225769043,
                                0.15742600000000001,
                                0.044118999999999998,
                                277228,
                                289584,
                                0.0074879999999999999,
                                0.013891000000000001,
                                1680531815.7677989,
                                606543328818575
                            ]
                        },
                        {
                            "sub": [],
                            "stat": [
                                "doRadify_vir2vcsAll",
                                "exit",
                                0.19649910926818848,
                                0.16520099999999999,
                                0.045053999999999997,
                                278284,
                                289584,
                                0.0074879999999999999,
                                0.013891000000000001,
                                1680531815.7765391,
                                606543354199462
                            ]
                        }
                    ],
                    "stat": [
                        "doPostDesignResolutionToVir2Vcs",
                        "entry",
                        0.073348045349121094,
                        0.074748999999999996,
                        0.034424000000000003,
                        273808,
                        274296,
                        0.0,
                        0.0,
                        1680531815.653388,
                        606542997872541
                    ]
                },
                {
                    "sub": [],
                    "stat": [
                        "doPostDesignResolutionToVir2Vcs",
                        "exit",
                        0.19656491279602051,
                        0.16525500000000001,
                        0.045068999999999998,
                        278284,
                        289584,
                        0.0074879999999999999,
                        0.013891000000000001,
                        1680531815.7766049,
                        606543354287057
                    ]
                },
                {
                    "sub": [
                        {
                            "sub": [],
                            "stat": [
                                "DoPass2",
                                "entry",
                                0.22582411766052246,
                                0.166819,
                                0.046226999999999997,
                                276728,
                                289584,
                                0.018842999999999999,
                                0.029347999999999999,
                                1680531815.8058641,
                                606543439021103
                            ]
                        },
                        {
                            "sub": [],